id,Y18
0,12.838042
1,12.70976
2,12.322598
3,12.063215
4,11.932869
5,11.758249
6,11.450553
7,11.538726
8,11.494662
9,11.406466
10,11.23166
11,11.056689
12,10.925319
13,10.793754
14,10.6179285
15,10.661921
16,10.661921
17,10.485843
18,10.441786
19,10.397698
20,10.397698
21,10.265414
22,9.826107
23,9.738679
24,9.651446
25,9.738679
26,9.564445
27,9.607914
28,9.607914
29,9.564445
30,9.477714
31,9.564445
32,9.434464
33,9.348216
34,9.305229
35,9.434464
36,9.695035
37,9.913693
38,10.133173
39,10.573916
40,11.144263
41,11.8019905
42,12.451831
43,12.923251
44,13.512744
45,14.216078
46,14.666783
47,15.232566
48,15.870654
49,16.422653
50,17.008032
51,17.396137
52,17.667358
53,18.248775
54,18.363708
55,18.788042
56,18.907429
57,19.405792
58,19.49065
59,20.269262
60,20.568008
61,20.667015
62,21.596725
63,22.029688
64,21.363316
65,22.10183
66,22.890808
67,23.175655
68,23.175655
69,24.019981
70,23.84616
71,24.906157
72,23.759148
73,24.792866
74,24.792866
75,25.132488
76,25.584259
77,25.358528
78,26.708393
79,26.14727
80,27.044167
81,26.14727
82,26.484169
83,27.379261
84,27.490814
85,28.158537
86,28.04744
87,28.49139
88,28.93415
89,27.379261
90,27.936258
91,28.602192
92,28.380516
93,28.602192
94,28.49139
95,27.490814
96,27.713688
97,27.155945
98,27.155945
99,26.93232
100,26.708393
101,26.596323
102,26.82039
103,26.93232
104,25.922293
105,25.80969
106,24.471817
107,24.193516
108,23.93311
109,23.672058
110,23.317667
111,23.033371
112,22.604874
113,22.02969
114,21.47324
115,21.109285
116,20.765736
117,20.269262
118,19.53593
119,19.405792
120,19.726177
121,19.238403
122,18.670452
123,18.363708
124,18.287224
125,17.938465
126,17.938465
127,17.667358
128,17.822273
129,17.899738
130,17.512405
131,17.396137
132,17.163391
133,17.008032
134,16.891394
135,16.969166
136,16.735556
137,16.813583
138,16.657436
139,16.618347
140,16.461819
141,16.22648
142,16.14757
143,16.029037
144,15.949893
145,15.791308
146,15.71185
147,15.472783
148,15.272686
149,15.071717
150,14.585251
151,14.829299
152,14.503541
153,14.666783
154,14.788754
155,14.257288
156,14.051587
157,13.762353
158,13.927958
159,13.720813
160,13.471033
161,13.387433
162,13.30359
163,13.135172
164,12.965759
165,12.7525835
166,12.666872
167,12.623921
168,12.451831
169,12.408816
170,12.193009
171,11.932869
172,11.670601
173,11.582735
174,11.494662
175,11.275289
176,11.406466
177,11.144263
178,11.23166
179,11.31887
180,11.538726
181,11.889302
182,12.106543
183,12.408816
184,12.70976
185,13.429261
186,13.96922
187,14.707483
188,15.111985
189,15.71185
190,16.22648
191,16.969164
192,17.357367
193,17.783545
194,18.516933
195,18.866768
196,19.32159
197,19.86913
198,20.41896
199,20.518394
200,21.308254
201,21.668823
202,22.389696
203,23.459408
204,24.106781
205,25.471436
206,25.584259
207,25.80969
208,27.60229
209,28.380516
210,30.002102
211,30.57951
212,30.867645
213,31.299149
214,31.87319
215,31.729816
216,32.58864
217,33.159294
218,32.445732
219,33.01677
220,33.728447
221,33.586304
222,34.012463
223,34.012463
224,34.685356
225,34.55063
226,34.64686
227,34.666237
228,34.53211
229,34.62738
230,34.57822
231,34.53211
232,34.64686
233,34.252735
234,34.439365
235,34.111813
236,33.77823
237,34.205856
238,34.34624
239,34.34624
240,34.53211
241,34.252735
242,34.53211
243,34.53211
244,34.34624
245,34.485794
246,34.53211
247,34.62738
248,34.685356
249,34.69043
250,34.688408
251,34.296104
252,34.012466
253,33.301723
254,32.58864
255,32.159653
256,30.867645
257,29.376146
258,28.380516
259,27.379261
260,25.358528
261,23.93311
262,23.033371
263,21.957478
264,21.47324
265,20.319235
266,20.319235
267,19.583157
268,19.155628
269,18.8273
270,18.788042
271,18.325455
272,17.861008
273,17.628626
274,17.551151
275,17.241007
276,17.202204
277,16.891394
278,16.852495
279,16.813583
280,16.696507
281,16.500977
282,16.26577
283,15.552594
284,15.43283
285,15.192409
286,15.031414
287,14.8698015
288,14.829299
289,14.869802
290,14.544419
291,14.503541
292,14.462616
293,14.462616
294,14.339564
295,14.257288
296,14.38063
297,14.216078
298,14.051587
299,14.010431
300,13.803838
301,13.554393
302,13.679213
303,13.762353
304,13.512744
305,13.512744
306,13.512744
307,13.512744
308,13.30359
309,13.2615795
310,13.135172
311,13.2615795
312,13.008207
313,12.923251
314,12.923251
315,12.923251
316,12.70976
317,12.838042
318,12.7525835
319,12.923251
320,12.965759
321,13.17737
322,13.2615795
323,13.2615795
324,13.429261
325,13.88664
326,14.298451
327,14.257288
328,14.585251
329,14.910264
330,15.552594
331,16.108082
332,16.813583
333,17.551151
334,18.171185
335,18.748798
336,19.583157
337,20.018314
338,20.814993
339,21.47324
340,23.672058
341,23.388573
342,24.577356
343,25.471436
344,25.697014
345,26.708393
346,27.26764
347,27.379261
348,28.269564
349,28.93415
350,29.155235
351,30.723627
352,30.002102
353,30.723627
354,33.159294
355,32.731438
356,34.435917
357,33.586304
358,34.55063
359,34.57822
360,34.666237
361,34.53211
362,34.439365
363,33.68149
364,33.874214
365,34.06452
366,33.874214
367,33.633
368,33.58423
369,33.58423
370,33.437157
371,33.23993
372,32.992836
373,33.289295
374,32.695942
375,32.695942
376,32.426125
377,32.597008
378,32.426125
379,32.745438
380,32.517445
381,32.646446
382,32.552822
383,32.439518
384,32.597008
385,32.597008
386,32.432823
387,32.426125
388,32.517445
389,32.419434
390,32.426125
391,32.452934
392,32.646446
393,32.646446
394,32.695942
395,32.84443
396,32.992836
397,33.23993
398,33.387924
399,33.82629
400,34.06452
401,34.57822
402,33.870502
403,32.159653
404,29.712835
405,27.490814
406,25.471436
407,23.246693
408,23.459408
409,23.246693
410,22.1739
411,21.158249
412,20.568008
413,20.41896
414,20.068651
415,19.773808
416,19.405792
417,19.072876
418,18.670452
419,18.632084
420,18.478596
421,18.248775
422,18.171185
423,17.783545
424,17.744818
425,17.318588
426,17.085733
427,17.202204
428,16.969166
429,16.852495
430,16.657436
431,16.57924
432,16.500977
433,16.461819
434,15.989479
435,15.989479
436,16.108082
437,15.830994
438,15.552594
439,15.791308
440,15.672081
441,15.592454
442,15.43283
443,15.512706
444,15.232566
445,14.991069
446,14.991069
447,15.111984
448,14.950686
449,14.829299
450,14.788754
451,14.748141
452,14.666783
453,14.421648
454,14.544419
455,14.544419
456,14.462616
457,14.298451
458,14.174816
459,14.09269
460,14.051587
461,14.051587
462,13.927958
463,14.010431
464,13.96922
465,14.133744
466,14.216078
467,14.216078
468,14.339564
469,14.585251
470,14.869802
471,15.272686
472,15.592454
473,16.068571
474,16.26577
475,16.657436
476,16.891394
477,17.434898
478,17.899736
479,18.287224
480,18.748798
481,19.197014
482,19.91742
483,20.765736
484,21.529913
485,22.2459
486,23.104548
487,24.193516
488,25.584259
489,26.596323
490,29.486496
491,31.442802
492,33.01677
493,34.666237
494,33.874214
495,33.091713
496,33.53533
497,33.33863
498,32.84443
499,32.646446
500,32.4842
501,32.379234
502,32.365826
503,32.385937
504,32.332306
505,32.25177
506,32.27191
507,32.218185
508,32.12835
509,32.103157
510,32.103153
511,32.109455
512,32.008713
513,32.027596
514,32.05906
515,32.027596
516,31.996128
517,31.96082
518,32.027596
519,31.925976
520,31.925976
521,31.91698
522,31.96082
523,31.949646
524,31.939463
525,31.983568
526,31.96082
527,31.949646
528,31.96082
529,31.96082
530,31.930471
531,31.977573
532,31.983568
533,32.008713
534,32.04018
535,32.065357
536,32.071655
537,32.071655
538,32.08426
539,32.12835
540,32.15982
541,32.191303
542,32.27191
543,32.345715
544,32.406036
545,32.597008
546,33.190536
547,34.111813
548,34.485794
549,34.57822
550,34.69043
551,33.159294
552,30.57951
553,29.265715
554,28.158537
555,27.379261
556,27.26764
557,26.259644
558,26.596323
559,25.358528
560,25.245546
561,24.106781
562,23.600878
563,23.033371
564,22.676462
565,22.10183
566,22.1739
567,21.47324
568,21.363316
569,21.255968
570,21.109285
571,20.864176
572,20.468716
573,20.41896
574,20.068651
575,19.821507
576,19.726177
577,19.53593
578,19.630905
579,19.32159
580,19.238403
581,19.031506
582,18.948784
583,18.948784
584,18.632084
585,18.593687
586,18.516933
587,18.401983
588,18.287224
589,18.171185
590,18.093561
591,17.861008
592,17.822273
593,17.667358
594,17.861008
595,17.628626
596,17.551151
597,17.396137
598,17.396137
599,17.357367
600,17.279802
601,17.085733
602,17.241007
603,17.202204
604,17.046886
605,16.813583
606,16.930283
607,16.77459
608,16.696507
609,16.696507
610,16.735556
611,16.852495
612,16.930285
613,16.969166
614,17.241007
615,17.58989
616,18.093561
617,18.516933
618,18.748798
619,19.072876
620,19.363693
621,19.583157
622,20.018314
623,20.518394
624,20.962334
625,21.668823
626,22.1739
627,23.246693
628,24.106781
629,26.03482
630,27.155945
631,28.712921
632,29.712835
633,31.299149
634,31.299149
635,32.445732
636,32.874157
637,34.296104
638,34.69043
639,34.578217
640,34.34624
641,34.29953
642,34.158875
643,33.68149
644,33.729904
645,33.633
646,33.33863
647,33.190536
648,32.695942
649,33.091713
650,32.597008
651,32.597008
652,32.432823
653,32.4842
654,32.439514
655,32.359123
656,32.298763
657,32.305473
658,32.27191
659,32.292053
660,32.27863
661,32.211464
662,32.27191
663,32.245056
664,32.231617
665,32.258484
666,32.305473
667,32.325596
668,32.345715
669,32.419434
670,32.41273
671,32.432823
672,32.426125
673,32.399338
674,32.406036
675,32.432823
676,32.695942
677,32.84443
678,32.992836
679,32.597008
680,33.33863
681,33.58423
682,33.969578
683,34.34624
684,34.53211
685,34.64686
686,34.69007
687,34.435917
688,33.301723
689,32.302742
690,31.011574
691,29.857513
692,27.60229
693,26.371948
694,25.584259
695,24.019981
696,23.104548
697,22.81943
698,22.676462
699,22.604874
700,22.389696
701,21.957478
702,21.740849
703,21.47324
704,20.962334
705,21.109285
706,20.864176
707,20.667015
708,20.41896
709,19.967903
710,19.86913
711,19.773808
712,19.53593
713,19.49065
714,19.49065
715,19.238403
716,18.948784
717,19.031506
718,19.072876
719,18.8273
720,18.670452
721,18.593687
722,18.478596
723,18.478596
724,18.248775
725,18.054745
726,17.97722
727,17.861008
728,17.744818
729,17.783545
730,17.58989
731,17.473654
732,17.046886
733,16.813583
734,16.813583
735,16.657436
736,16.57924
737,16.26577
738,16.26577
739,16.26577
740,16.34425
741,16.422653
742,16.34425
743,16.108082
744,15.949893
745,15.791308
746,15.791308
747,15.830994
748,15.632283
749,15.472783
750,15.512706
751,15.472783
752,15.272686
753,15.312772
754,15.392844
755,15.392844
756,15.592454
757,15.989479
758,16.26577
759,16.696507
760,16.696507
761,16.930285
762,17.396137
763,17.783545
764,18.287224
765,18.516933
766,18.907427
767,19.2798
768,19.678581
769,20.568008
770,21.158249
771,21.668823
772,22.676462
773,23.93311
774,25.132488
775,25.922293
776,27.713688
777,30.4353
778,31.87319
779,33.870502
780,34.69007
781,34.205856
782,33.77823
783,33.68149
784,32.94338
785,32.517445
786,32.4842
787,32.359123
788,32.325596
789,32.345715
790,32.218185
791,32.292053
792,32.231617
793,32.204746
794,32.15982
795,32.1787
796,32.204746
797,32.109455
798,32.12835
799,32.140938
800,32.115753
801,32.090557
802,32.071655
803,32.03389
804,32.090557
805,32.065357
806,32.052765
807,32.09686
808,32.03389
809,32.04018
810,32.065357
811,32.09686
812,32.052765
813,32.103157
814,32.140938
815,32.17241
816,32.166115
817,32.204746
818,32.23834
819,32.2652
820,32.2652
821,32.27863
822,32.33901
823,32.379234
824,32.432823
825,32.745438
826,33.042282
827,33.23993
828,33.437157
829,33.68149
830,33.96958
831,34.25274
832,34.57822
833,34.666237
834,34.55063
835,33.444057
836,31.586353
837,31.011574
838,28.712921
839,27.379261
840,25.922293
841,25.358528
842,24.682827
843,26.484169
844,24.368433
845,23.84616
846,23.388573
847,23.600878
848,23.459408
849,23.033371
850,22.81943
851,22.2459
852,22.1739
853,22.389696
854,22.389696
855,22.317835
856,22.2459
857,22.10183
858,22.2459
859,22.02969
860,21.812847
861,21.812847
862,21.308254
863,21.363316
864,21.060251
865,20.814993
866,20.667015
867,20.468716
868,20.319235
869,20.319235
870,20.21922
871,19.967903
872,19.821507
873,19.821507
874,19.773808
875,19.405792
876,19.238403
877,19.031506
878,18.907429
879,18.748798
880,18.70956
881,18.632084
882,18.478596
883,18.363708
884,18.171185
885,18.171185
886,18.093561
887,18.015978
888,17.899738
889,17.938465
890,17.822273
891,17.899738
892,17.822273
893,17.822273
894,17.822273
895,18.478598
896,18.670452
897,18.632084
898,18.632084
899,18.5553
900,18.748798
901,18.70956
902,18.788042
903,18.788042
904,18.8273
905,18.907429
906,18.948784
907,18.990143
908,19.031506
909,19.072876
910,19.238403
911,19.405792
912,19.583157
913,19.773808
914,19.86913
915,19.91742
916,20.018314
917,20.068653
918,20.068653
919,20.118916
920,20.118916
921,20.269262
922,20.468716
923,20.617546
924,20.716412
925,20.716412
926,20.814991
927,20.814991
928,20.913292
929,20.962334
930,20.962334
931,21.060251
932,21.109285
933,21.109285
934,21.255968
935,21.529913
936,21.668823
937,21.668823
938,22.10183
939,22.1739
940,22.81943
941,23.459408
942,23.600878
943,22.890808
944,22.890808
945,23.033371
946,22.676462
947,22.461493
948,22.317835
949,22.2459
950,22.02969
951,21.812847
952,22.10183
953,22.2459
954,22.461493
955,22.10183
956,21.668823
957,21.418314
958,21.060253
959,20.913292
960,20.765736
961,20.568008
962,20.468716
963,20.468716
964,20.21922
965,20.169106
966,19.773808
967,19.53593
968,19.49065
969,19.49065
970,19.53593
971,19.49065
972,19.49065
973,19.49065
974,19.363693
975,19.197014
976,19.072876
977,18.948784
978,18.748798
979,18.670452
980,18.632084
981,18.516933
982,18.401983
983,18.287224
984,18.209976
985,18.13237
986,18.171185
987,18.171185
988,18.209976
989,18.171185
990,18.015976
991,17.977219
992,17.861008
993,17.744818
994,17.551151
995,17.434898
996,17.357367
997,17.163391
998,17.124569
999,16.969166
1000,16.930285
1001,16.852495
1002,16.77459
1003,16.618347
1004,16.540117
1005,16.422653
1006,16.383461
1007,16.34425
1008,16.22648
1009,16.34425
1010,16.383461
1011,16.30502
1012,16.26577
1013,16.14757
1014,16.108082
1015,16.029037
1016,15.910287
1017,15.910287
1018,15.949893
1019,15.949893
1020,15.989479
1021,15.870654
1022,15.989478
1023,15.870654
1024,15.632283
1025,15.512706
1026,15.43283
1027,15.312772
1028,15.352826
1029,14.950686
1030,14.829299
1031,14.666783
1032,14.38063
1033,14.421648
1034,14.051587
1035,13.845267
1036,13.762353
1037,13.637543
1038,13.554393
1039,13.471033
1040,13.429261
1041,13.387433
1042,13.387433
1043,13.554393
1044,13.720813
1045,13.803838
1046,13.96922
1047,14.133744
1048,14.257288
1049,14.257288
1050,14.421648
1051,14.707483
1052,14.910264
1053,15.312772
1054,15.512704
1055,15.672081
1056,16.029037
1057,16.422653
1058,16.852495
1059,17.473654
1060,17.551151
1061,17.744818
1062,17.822273
1063,17.938465
1064,18.015978
1065,17.899738
1066,18.015978
1067,18.325455
1068,18.593687
1069,18.8273
1070,18.866768
1071,19.11425
1072,19.238403
1073,19.238403
1074,19.405792
1075,19.583157
1076,19.91742
1077,19.91742
1078,20.568008
1079,20.41896
1080,20.913292
1081,20.864176
1082,21.255968
1083,20.716412
1084,21.060251
1085,21.207142
1086,21.363316
1087,21.596725
1088,22.676462
1089,23.033371
1090,22.676462
1091,22.747978
1092,22.604874
1093,22.604874
1094,23.388573
1095,23.84616
1096,23.93311
1097,24.906157
1098,25.245546
1099,25.358528
1100,26.596323
1101,24.792866
1102,24.280172
1103,24.577356
1104,26.259644
1105,25.922293
1106,26.03482
1107,25.471436
1108,25.80969
1109,25.471436
1110,25.697014
1111,25.358528
1112,24.906157
1113,25.245546
1114,25.697014
1115,25.01936
1116,24.368433
1117,24.193516
1118,23.600878
1119,23.317665
1120,23.033371
1121,22.604874
1122,21.885195
1123,21.47324
1124,20.962334
1125,20.518394
1126,20.169106
1127,19.967903
1128,19.583157
1129,19.2798
1130,18.70956
1131,18.209976
1132,18.13237
1133,17.512405
1134,17.357367
1135,16.852495
1136,16.930285
1137,16.735556
1138,16.57924
1139,16.891394
1140,16.26577
1141,16.068571
1142,15.989479
1143,15.910287
1144,15.512706
1145,15.392844
1146,15.111985
1147,14.991069
1148,15.071717
1149,14.585251
1150,14.051587
1151,13.803838
1152,13.845267
1153,14.010431
1154,13.762353
1155,13.471033
1156,13.2615795
1157,13.2615795
1158,13.092914
1159,13.008207
1160,13.05059
1161,13.092914
1162,13.05059
1163,12.7525835
1164,12.451831
1165,12.149806
1166,12.149806
1167,12.236151
1168,12.063215
1169,12.106543
1170,11.889302
1171,11.758249
1172,11.845675
1173,11.626695
1174,11.626695
1175,11.494662
1176,11.406466
1177,11.406466
1178,11.362608
1179,11.187984
1180,11.187984
1181,11.144263
1182,11.012851
1183,10.925319
1184,11.100497
1185,11.012851
1186,11.056689
1187,11.23166
1188,11.362608
1189,11.626695
1190,11.932869
1191,12.408816
1192,12.880678
1193,13.471033
1194,13.762353
1195,14.216078
1196,14.666783
1197,14.950686
1198,15.43283
1199,15.830994
1200,16.30502
1201,17.163391
1202,17.473654
1203,17.899738
1204,18.401983
1205,19.072876
1206,19.773808
1207,19.967903
1208,20.617546
1209,21.109285
1210,21.957478
1211,22.02969
1212,23.388573
1213,23.246693
1214,25.80969
1215,25.92229
1216,25.922293
1217,26.82039
1218,27.26764
1219,28.04744
1220,28.49139
1221,28.823574
1222,30.867645
1223,31.442802
1224,32.445732
1225,32.159653
1226,33.728447
1227,34.296104
1228,33.870502
1229,33.870502
1230,34.012466
1231,34.685356
1232,34.69007
1233,34.685356
1234,34.666237
1235,34.439365
1236,34.34624
1237,34.34624
1238,34.29953
1239,34.39285
1240,34.252735
1241,34.64686
1242,34.34624
1243,34.017097
1244,34.158875
1245,34.439365
1246,34.111813
1247,34.017097
1248,34.252735
1249,34.017097
1250,33.969578
1251,34.111813
1252,34.06452
1253,34.205856
1254,34.485794
1255,34.69043
1256,34.69007
1257,34.627434
1258,34.435917
1259,33.586304
1260,32.58864
1261,31.87319
1262,30.867645
1263,30.146597
1264,29.265715
1265,28.712921
1266,27.936258
1267,27.044167
1268,26.14727
1269,24.577356
1270,24.368433
1271,23.530178
1272,22.604874
1273,21.060251
1274,21.158249
1275,20.667015
1276,20.667015
1277,20.369133
1278,19.773808
1279,19.821507
1280,19.583157
1281,19.91742
1282,18.866768
1283,17.744818
1284,17.706085
1285,17.279802
1286,17.046886
1287,16.852495
1288,16.34425
1289,16.26577
1290,15.830994
1291,15.672081
1292,15.312772
1293,15.312772
1294,14.910264
1295,14.869802
1296,14.62604
1297,14.421648
1298,14.298451
1299,14.298451
1300,14.051587
1301,13.845267
1302,13.88664
1303,13.554393
1304,13.387433
1305,13.135172
1306,13.05059
1307,13.092914
1308,12.965759
1309,12.880678
1310,12.795343
1311,12.537832
1312,12.537833
1313,12.494782
1314,12.494782
1315,12.365737
1316,12.063215
1317,12.365737
1318,12.365737
1319,12.236151
1320,12.019826
1321,11.845675
1322,11.932869
1323,11.889302
1324,11.889302
1325,11.845675
1326,11.8019905
1327,11.758249
1328,11.889302
1329,11.889302
1330,12.063215
1331,12.106543
1332,12.322598
1333,12.580907
1334,13.092914
1335,13.637543
1336,14.010431
1337,14.216078
1338,14.38063
1339,14.503541
1340,14.950686
1341,15.152213
1342,15.632283
1343,15.949895
1344,16.14757
1345,16.77459
1346,17.512405
1347,18.209976
1348,18.866768
1349,19.630905
1350,20.068653
1351,20.667015
1352,21.529913
1353,22.533218
1354,23.459408
1355,24.682827
1356,26.259644
1357,26.596323
1358,27.825012
1359,29.857513
1360,30.867645
1361,31.729816
1362,32.874157
1363,33.159294
1364,33.159294
1365,34.627434
1366,33.728447
1367,33.01677
1368,33.301723
1369,33.01677
1370,33.870502
1371,34.666237
1372,34.012466
1373,34.64686
1374,34.39285
1375,34.439365
1376,34.666237
1377,34.62738
1378,34.62738
1379,34.69007
1380,34.64686
1381,34.55063
1382,34.55063
1383,34.666237
1384,33.159294
1385,33.01677
1386,32.731438
1387,32.731438
1388,32.58864
1389,32.731438
1390,31.729816
1391,31.155413
1392,31.155413
1393,30.723627
1394,30.290995
1395,29.857513
1396,29.155233
1397,28.93415
1398,29.044716
1399,28.49139
1400,27.936258
1401,27.60229
1402,27.379261
1403,27.155945
1404,26.596323
1405,26.14727
1406,25.471436
1407,25.245548
1408,24.906157
1409,24.106781
1410,23.84616
1411,23.600878
1412,23.246693
1413,23.175655
1414,22.81943
1415,22.389696
1416,22.1739
1417,22.317835
1418,22.2459
1419,21.957478
1420,21.812847
1421,21.060251
1422,20.913292
1423,20.814993
1424,20.617546
1425,20.667015
1426,20.468716
1427,20.518394
1428,20.118916
1429,19.773808
1430,19.53593
1431,19.49065
1432,19.155628
1433,19.2798
1434,19.197014
1435,18.748798
1436,18.748798
1437,18.401983
1438,18.13237
1439,17.899736
1440,17.628626
1441,17.396137
1442,17.473654
1443,17.396137
1444,16.969166
1445,16.77459
1446,16.618347
1447,16.618347
1448,16.422653
1449,16.30502
1450,16.383461
1451,16.34425
1452,16.30502
1453,16.26577
1454,16.30502
1455,16.26577
1456,16.187037
1457,16.26577
1458,16.26577
1459,16.22648
1460,16.187037
1461,16.108082
1462,16.108082
1463,16.029037
1464,15.989479
1465,16.108082
1466,16.108082
1467,16.068571
1468,16.068571
1469,16.108082
1470,16.068571
1471,16.108082
1472,16.14757
1473,16.187037
1474,16.068571
1475,16.068571
1476,16.108082
1477,16.108082
1478,16.26577
1479,16.30502
1480,16.34425
1481,16.57924
1482,16.735556
1483,16.852495
1484,16.969166
1485,17.318588
1486,17.744818
1487,18.054745
1488,18.171185
1489,18.478596
1490,19.031506
1491,19.11425
1492,19.11425
1493,19.583157
1494,20.319235
1495,20.716412
1496,20.913292
1497,21.109285
1498,21.255968
1499,21.812847
1500,21.740849
1501,20.962334
1502,21.668823
1503,21.668823
1504,22.2459
1505,22.461493
1506,23.175655
1507,22.890808
1508,22.676462
1509,23.672058
1510,24.106781
1511,24.019981
1512,24.368433
1513,23.93311
1514,24.682827
1515,25.132488
1516,24.106781
1517,25.245546
1518,26.259644
1519,26.596323
1520,25.922293
1521,26.259644
1522,26.03482
1523,27.60229
1524,27.936258
1525,27.713688
1526,25.584259
1527,26.93232
1528,28.602192
1529,28.712921
1530,28.93415
1531,28.380516
1532,27.490814
1533,28.269564
1534,28.49139
1535,27.825012
1536,26.82039
1537,28.380516
1538,26.93232
1539,27.044167
1540,28.158537
1541,27.26764
1542,28.380516
1543,27.713688
1544,26.03482
1545,26.708393
1546,26.484169
1547,25.80969
1548,24.193516
1549,24.019981
1550,23.672058
1551,23.317667
1552,23.104548
1553,22.676462
1554,22.1739
1555,21.596725
1556,21.158249
1557,20.864176
1558,20.617546
1559,20.319235
1560,20.21922
1561,20.018314
1562,19.726177
1563,19.363693
1564,19.363693
1565,19.197014
1566,19.197014
1567,19.031507
1568,18.907429
1569,18.670452
1570,18.401983
1571,18.171185
1572,17.783545
1573,17.58989
1574,17.434898
1575,17.318588
1576,17.279802
1577,17.124569
1578,16.969166
1579,16.891394
1580,16.657436
1581,16.540117
1582,16.187037
1583,15.71185
1584,15.632283
1585,15.472783
1586,15.272686
1587,15.152213
1588,15.071717
1589,15.031414
1590,14.950686
1591,14.869802
1592,14.62604
1593,14.707483
1594,14.788754
1595,14.585251
1596,14.38063
1597,14.257288
1598,14.38063
1599,14.133742
1600,14.051587
1601,13.927958
1602,13.845267
1603,13.595985
1604,13.637543
1605,13.512744
1606,13.387433
1607,13.30359
1608,13.219504
1609,13.30359
1610,13.092914
1611,12.923251
1612,12.838042
1613,12.838042
1614,12.70976
1615,12.623921
1616,12.666872
1617,12.408816
1618,12.580907
1619,12.7525835
1620,12.923251
1621,13.092914
1622,13.2615795
1623,13.679213
1624,14.010431
1625,14.339564
1626,14.707483
1627,15.071717
1628,15.312772
1629,15.791308
1630,16.147572
1631,16.461819
1632,16.618347
1633,17.163391
1634,17.628626
1635,17.938465
1636,18.287224
1637,18.632084
1638,18.990143
1639,19.238403
1640,19.447895
1641,20.319235
1642,20.169106
1643,21.011309
1644,21.255968
1645,21.418314
1646,21.47324
1647,22.533218
1648,22.389696
1649,23.530178
1650,23.104548
1651,24.682827
1652,23.84616
1653,24.577356
1654,24.577356
1655,25.245546
1656,25.80969
1657,25.584259
1658,26.14727
1659,26.14727
1660,26.484169
1661,27.155945
1662,26.93232
1663,27.155945
1664,27.490814
1665,27.044167
1666,27.155945
1667,28.49139
1668,27.936258
1669,27.044167
1670,27.936258
1671,28.269564
1672,28.158537
1673,27.936258
1674,27.936258
1675,28.04744
1676,28.93415
1677,28.823574
1678,29.155233
1679,27.936258
1680,28.49139
1681,28.04744
1682,27.713688
1683,28.380516
1684,28.602192
1685,28.602192
1686,28.158537
1687,27.60229
1688,27.26764
1689,27.044167
1690,26.596323
1691,26.03482
1692,26.03482
1693,25.584259
1694,25.245548
1695,24.906155
1696,25.01936
1697,24.471817
1698,23.84616
1699,23.317667
1700,22.461493
1701,21.529913
1702,20.913292
1703,20.319235
1704,19.821507
1705,19.49065
1706,19.155628
1707,19.072876
1708,18.748798
1709,18.478596
1710,18.478596
1711,18.44028
1712,18.478596
1713,18.325455
1714,18.209976
1715,18.209976
1716,18.325455
1717,18.13237
1718,17.97722
1719,17.706085
1720,17.473654
1721,17.357367
1722,17.163391
1723,17.163391
1724,17.046886
1725,17.008032
1726,16.813583
1727,16.54012
1728,16.383461
1729,16.22648
1730,16.187037
1731,16.14757
1732,16.14757
1733,15.949893
1734,15.830994
1735,15.71185
1736,15.632283
1737,15.552594
1738,15.392844
1739,15.512706
1740,15.512706
1741,15.392844
1742,15.472783
1743,15.512706
1744,15.512706
1745,15.43283
1746,15.272686
1747,15.031414
1748,15.071717
1749,14.991069
1750,14.950686
1751,14.950686
1752,14.788754
1753,14.666783
1754,14.544419
1755,14.462616
1756,14.503541
1757,14.38063
1758,14.544418
1759,14.38063
1760,14.216078
1761,14.257288
1762,14.216078
1763,14.216078
1764,14.38063
1765,14.62604
1766,15.031414
1767,15.312772
1768,15.352826
1769,15.989479
1770,16.34425
1771,16.618347
1772,17.046886
1773,17.551151
1774,17.938465
1775,18.093561
1776,18.171185
1777,18.593687
1778,19.072876
1779,19.967903
1780,20.319235
1781,21.255968
1782,21.255968
1783,21.740849
1784,22.02969
1785,22.676462
1786,23.84616
1787,24.577356
1788,25.80969
1789,26.596323
1790,27.602287
1791,27.71369
1792,27.936258
1793,28.380516
1794,28.269564
1795,30.4353
1796,30.146597
1797,30.723627
1798,31.155413
1799,33.01677
1800,33.870502
1801,34.435917
1802,33.870502
1803,34.69043
1804,34.688408
1805,34.485794
1806,34.485794
1807,34.06452
1808,34.64686
1809,33.729904
1810,33.921974
1811,33.729904
1812,33.53533
1813,33.874214
1814,34.205856
1815,33.53533
1816,33.486313
1817,33.486313
1818,33.921974
1819,33.387924
1820,33.23993
1821,33.486313
1822,33.486313
1823,33.486313
1824,33.633
1825,33.486313
1826,33.633
1827,33.633
1828,33.53533
1829,33.77823
1830,33.729904
1831,34.017097
1832,34.111813
1833,34.06452
1834,34.34624
1835,34.39285
1836,34.57822
1837,34.685356
1838,34.688408
1839,34.154327
1840,33.159294
1841,32.302742
1842,30.723627
1843,29.155233
1844,27.26764
1845,25.922293
1846,24.019981
1847,22.747978
1848,23.459408
1849,22.747978
1850,21.596725
1851,21.740849
1852,21.363316
1853,21.363316
1854,20.617544
1855,20.068651
1856,20.068653
1857,19.630905
1858,19.405792
1859,19.405792
1860,19.2798
1861,18.8273
1862,18.8273
1863,18.5553
1864,18.5553
1865,18.632084
1866,18.209976
1867,18.015978
1868,17.822273
1869,17.822273
1870,17.744818
1871,17.551151
1872,17.396137
1873,17.046886
1874,17.046886
1875,16.891394
1876,16.735556
1877,16.696507
1878,16.422653
1879,16.34425
1880,16.500977
1881,16.22648
1882,16.14757
1883,16.14757
1884,15.830994
1885,15.71185
1886,15.672081
1887,15.632283
1888,15.512706
1889,15.312772
1890,15.392844
1891,15.312772
1892,15.192409
1893,15.031414
1894,14.910264
1895,14.910264
1896,14.666783
1897,14.585251
1898,14.462616
1899,14.544419
1900,14.339564
1901,14.544419
1902,14.298451
1903,14.298451
1904,14.257288
1905,14.38063
1906,14.339564
1907,14.62604
1908,14.666783
1909,14.910264
1910,15.152213
1911,15.472783
1912,15.71185
1913,16.14757
1914,16.461819
1915,16.735556
1916,17.008032
1917,17.551151
1918,18.015976
1919,18.363708
1920,18.748798
1921,19.031506
1922,19.53593
1923,20.118916
1924,20.667015
1925,21.596725
1926,21.957478
1927,22.890808
1928,23.459408
1929,24.471817
1930,25.697014
1931,26.93232
1932,28.49139
1933,28.712921
1934,29.712835
1935,30.4353
1936,32.016464
1937,34.154327
1938,34.012466
1939,34.154327
1940,34.69007
1941,34.53211
1942,34.39285
1943,34.017097
1944,33.82629
1945,33.874214
1946,33.141132
1947,32.893906
1948,32.597008
1949,32.452934
1950,32.4842
1951,32.36583
1952,32.345715
1953,32.325596
1954,32.31218
1955,32.27191
1956,32.325596
1957,32.325596
1958,32.325596
1959,32.27191
1960,32.325596
1961,32.33901
1962,32.298763
1963,32.325596
1964,32.298763
1965,32.365826
1966,32.35242
1967,32.298763
1968,32.332306
1969,32.332306
1970,32.31889
1971,32.31889
1972,32.292053
1973,32.292053
1974,32.325596
1975,32.379234
1976,32.365826
1977,32.35242
1978,32.379234
1979,32.399338
1980,32.412735
1981,32.432823
1982,32.4842
1983,32.646446
1984,32.94338
1985,33.68149
1986,34.607803
1987,34.154327
1988,32.302742
1989,30.4353
1990,28.269564
1991,27.936258
1992,27.60229
1993,26.03482
1994,26.371948
1995,25.358528
1996,24.193516
1997,23.672058
1998,22.962122
1999,23.104548
2000,22.747978
2001,22.10183
2002,22.10183
2003,22.10183
2004,21.740849
2005,21.418314
2006,21.308254
2007,20.913292
2008,21.011309
2009,20.667015
2010,20.617546
2011,20.617546
2012,20.568008
2013,20.319235
2014,20.269264
2015,20.068651
2016,19.726177
2017,19.583157
2018,19.49065
2019,19.405792
2020,19.197014
2021,18.948784
2022,18.8273
2023,18.70956
2024,18.44028
2025,18.44028
2026,18.325455
2027,18.287224
2028,18.054745
2029,18.13237
2030,17.938465
2031,17.822273
2032,17.899738
2033,17.706085
2034,17.628626
2035,17.628626
2036,17.434898
2037,17.279802
2038,17.241007
2039,17.046886
2040,16.891394
2041,16.735556
2042,16.735556
2043,16.657436
2044,16.618347
2045,16.618347
2046,16.657436
2047,16.618347
2048,16.77459
2049,16.930285
2050,17.085733
2051,16.969166
2052,17.046886
2053,17.046886
2054,17.163391
2055,17.357367
2056,17.706085
2057,18.13237
2058,18.363708
2059,18.670452
2060,19.031506
2061,19.363693
2062,19.678581
2063,20.617546
2064,20.716412
2065,21.363316
2066,22.1739
2067,22.81943
2068,23.459408
2069,24.193516
2070,25.922293
2071,26.708393
2072,27.825012
2073,29.044716
2074,30.146597
2075,30.867645
2076,31.299149
2077,32.874157
2078,34.550625
2079,34.666237
2080,34.607803
2081,34.111813
2082,33.921974
2083,33.633
2084,33.33863
2085,32.893906
2086,32.794937
2087,32.439514
2088,32.597008
2089,32.399338
2090,32.385937
2091,32.345715
2092,32.365826
2093,32.292053
2094,32.218185
2095,32.17241
2096,32.27863
2097,32.191303
2098,32.204746
2099,32.218185
2100,32.140938
2101,32.12205
2102,32.17241
2103,32.166115
2104,32.1787
2105,32.166115
2106,32.204746
2107,32.15353
2108,32.218185
2109,32.231617
2110,32.224903
2111,32.245056
2112,32.245056
2113,32.204746
2114,32.204746
2115,32.245056
2116,32.27191
2117,32.258484
2118,32.27863
2119,32.28534
2120,32.31218
2121,32.325596
2122,32.292053
2123,32.359123
2124,32.392635
2125,32.406036
2126,32.452934
2127,32.84443
2128,33.042282
2129,33.33863
2130,33.729904
2131,34.158875
2132,34.53211
2133,34.55063
2134,33.159294
2135,32.159653
2136,31.155413
2137,30.4353
2138,29.857513
2139,29.265715
2140,27.490814
2141,26.93232
2142,25.697014
2143,24.792866
2144,24.280172
2145,23.459408
2146,23.388573
2147,22.890808
2148,22.747978
2149,22.2459
2150,21.529913
2151,21.308254
2152,21.668823
2153,21.47324
2154,21.158249
2155,20.468716
2156,20.369133
2157,20.41896
2158,20.41896
2159,20.018314
2160,19.773808
2161,19.726177
2162,19.773808
2163,19.53593
2164,19.363693
2165,19.072876
2166,18.866768
2167,18.748798
2168,18.70956
2169,18.593687
2170,18.5553
2171,18.5553
2172,18.632084
2173,18.670452
2174,18.632084
2175,18.44028
2176,18.325455
2177,18.171185
2178,17.938465
2179,17.861008
2180,17.899738
2181,17.58989
2182,17.512405
2183,17.396137
2184,17.434898
2185,17.473654
2186,17.357367
2187,17.473654
2188,17.434898
2189,17.202204
2190,16.969166
2191,17.202204
2192,17.124569
2193,16.969166
2194,17.046886
2195,17.279802
2196,17.318588
2197,17.551151
2198,17.822273
2199,18.093561
2200,18.363708
2201,18.593687
2202,18.8273
2203,19.238403
2204,20.018314
2205,20.169106
2206,20.468716
2207,20.765736
2208,20.814993
2209,21.363316
2210,22.461493
2211,23.175655
2212,23.759148
2213,25.01936
2214,25.697014
2215,26.708393
2216,28.158537
2217,28.712921
2218,29.712835
2219,31.87319
2220,32.58864
2221,33.586304
2222,33.586304
2223,34.57822
2224,34.57822
2225,34.017097
2226,33.58423
2227,33.23993
2228,33.23993
2229,32.4842
2230,32.517445
2231,32.379234
2232,32.31889
2233,32.35242
2234,32.385937
2235,32.27863
2236,32.211464
2237,32.28534
2238,32.29205
2239,32.265198
2240,32.204746
2241,32.218185
2242,32.198025
2243,32.198025
2244,32.134644
2245,32.204746
2246,32.09686
2247,32.12205
2248,32.147236
2249,32.09686
2250,32.12835
2251,32.17241
2252,32.090557
2253,32.08426
2254,32.15353
2255,32.147236
2256,32.140938
2257,32.191303
2258,32.198025
2259,32.25177
2260,32.231617
2261,32.258484
2262,32.2652
2263,32.258484
2264,32.305473
2265,32.33901
2266,32.35242
2267,32.392635
2268,32.4842
2269,32.552822
2270,32.794937
2271,33.042282
2272,33.387924
2273,33.729904
2274,34.06452
2275,34.64686
2276,33.444057
2277,32.016464
2278,31.011574
2279,29.376146
2280,29.155233
2281,28.04744
2282,27.379261
2283,27.825012
2284,27.26764
2285,25.922293
2286,24.906157
2287,24.368433
2288,23.84616
2289,23.530178
2290,23.246693
2291,23.033371
2292,22.676462
2293,22.533218
2294,22.2459
2295,21.957478
2296,21.529913
2297,21.529913
2298,21.529913
2299,21.363316
2300,21.109285
2301,21.011309
2302,20.667015
2303,20.667015
2304,20.468716
2305,20.319235
2306,20.41896
2307,20.369133
2308,20.018314
2309,19.821507
2310,19.726177
2311,19.726177
2312,19.678581
2313,19.49065
2314,19.53593
2315,19.447895
2316,19.32159
2317,19.363693
2318,19.155628
2319,19.155628
2320,19.155628
2321,19.11425
2322,19.197014
2323,19.072876
2324,19.11425
2325,19.238403
2326,19.197014
2327,19.238403
2328,19.11425
2329,18.990143
2330,18.948784
2331,18.907429
2332,18.948784
2333,18.907429
2334,18.827297
2335,18.748798
2336,18.632084
2337,18.593687
2338,18.593687
2339,18.748798
2340,18.866768
2341,19.155628
2342,19.447895
2343,19.583157
2344,19.821507
2345,19.773808
2346,19.821507
2347,20.21922
2348,20.518394
2349,20.716412
2350,20.864176
2351,21.060251
2352,21.363316
2353,21.668823
2354,22.1739
2355,22.389696
2356,22.81943
2357,23.246693
2358,23.672058
2359,24.368433
2360,25.358528
2361,25.80969
2362,26.708393
2363,27.60229
2364,28.158537
2365,29.376146
2366,30.723627
2367,31.011578
2368,32.302742
2369,34.55063
2370,34.55063
2371,34.252735
2372,34.439365
2373,33.486313
2374,33.77823
2375,33.82629
2376,33.68149
2377,33.874214
2378,33.387924
2379,33.53533
2380,33.53533
2381,33.437157
2382,33.33863
2383,33.486313
2384,32.992836
2385,32.84443
2386,32.794937
2387,32.517445
2388,32.745438
2389,32.552822
2390,33.091713
2391,33.091713
2392,33.289295
2393,33.23993
2394,33.387924
2395,33.53533
2396,33.633
2397,33.68149
2398,33.87421
2399,34.06452
2400,34.29953
2401,34.57822
2402,34.53211
2403,34.69043
2404,34.69007
2405,34.435917
2406,33.728447
2407,33.728447
2408,33.301723
2409,33.586304
2410,33.870502
2411,33.159294
2412,34.55063
2413,34.154327
2414,34.154327
2415,32.58864
2416,32.302742
2417,31.586353
2418,29.376146
2419,28.602192
2420,27.825012
2421,24.906157
2422,23.459408
2423,23.388573
2424,21.740849
2425,21.47324
2426,20.814993
2427,20.21922
2428,20.068653
2429,19.678581
2430,19.678581
2431,19.49065
2432,19.238403
2433,18.948784
2434,18.948784
2435,18.593687
2436,18.44028
2437,18.516933
2438,18.478596
2439,18.363708
2440,18.401983
2441,18.401983
2442,18.44028
2443,18.593687
2444,18.632084
2445,18.5553
2446,18.478596
2447,18.44028
2448,18.44028
2449,18.478596
2450,18.13237
2451,18.054745
2452,18.209976
2453,18.287224
2454,18.209976
2455,18.287224
2456,18.325455
2457,18.5553
2458,18.593687
2459,18.670452
2460,18.70956
2461,18.70956
2462,18.907427
2463,18.827297
2464,18.670452
2465,18.478596
2466,18.44028
2467,18.593687
2468,18.593687
2469,18.670452
2470,18.670452
2471,18.5553
2472,18.788042
2473,18.70956
2474,18.748798
2475,18.593687
2476,18.670452
2477,18.5553
2478,18.5553
2479,18.70956
2480,18.70956
2481,18.788042
2482,18.70956
2483,18.748798
2484,18.70956
2485,18.788042
2486,18.907429
2487,18.948784
2488,18.948784
2489,18.990143
2490,18.907429
2491,19.031506
2492,18.948784
2493,18.907429
2494,19.072876
2495,19.072876
2496,19.155628
2497,19.072876
2498,19.031506
2499,19.072876
2500,19.11425
2501,19.11425
2502,19.155628
2503,19.238403
2504,19.238403
2505,19.363693
2506,19.447895
2507,19.447895
2508,19.49065
2509,19.583157
2510,19.773808
2511,19.773808
2512,19.678581
2513,19.821507
2514,19.91742
2515,20.068653
2516,20.319235
2517,20.468716
2518,20.369133
2519,20.41896
2520,20.518394
2521,20.617546
2522,20.667015
2523,20.568008
2524,20.667015
2525,20.41896
2526,20.21922
2527,20.319237
2528,20.21922
2529,20.319235
2530,20.41896
2531,20.568008
2532,20.814993
2533,20.667015
2534,20.518394
2535,20.518394
2536,20.568008
2537,20.468716
2538,20.319235
2539,20.41896
2540,20.568008
2541,20.617546
2542,20.617546
2543,20.765736
2544,20.864176
2545,20.913292
2546,20.864176
2547,21.011309
2548,21.207142
2549,21.363316
2550,21.308254
2551,21.47324
2552,21.47324
2553,21.418314
2554,21.418314
2555,21.529913
2556,21.812847
2557,21.740849
2558,21.668823
2559,21.668823
2560,21.596725
2561,21.418314
2562,21.207142
2563,21.060251
2564,20.814993
2565,20.667015
2566,20.568008
2567,20.41896
2568,20.319235
2569,20.369133
2570,20.369133
2571,20.21922
2572,20.21922
2573,20.068653
2574,20.018314
2575,19.967903
2576,19.86913
2577,19.821507
2578,19.821507
2579,19.821507
2580,19.773808
2581,19.583157
2582,19.583157
2583,19.53593
2584,19.405792
2585,19.32159
2586,19.32159
2587,19.363693
2588,19.363693
2589,19.32159
2590,19.238403
2591,19.238403
2592,19.197014
2593,19.11425
2594,19.11425
2595,19.031506
2596,18.990143
2597,18.948784
2598,18.788042
2599,18.632084
2600,18.5553
2601,18.44028
2602,18.44028
2603,18.363708
2604,18.44028
2605,18.44028
2606,18.401983
2607,18.401983
2608,18.325455
2609,18.363708
2610,18.325455
2611,18.325455
2612,18.325455
2613,18.363708
2614,18.478596
2615,18.478596
2616,18.44028
2617,18.363708
2618,18.287224
2619,18.325455
2620,18.209976
2621,18.287224
2622,18.171185
2623,18.13237
2624,18.13237
2625,18.13237
2626,18.171185
2627,18.171185
2628,18.209976
2629,18.209976
2630,18.171185
2631,18.248775
2632,18.325455
2633,18.325455
2634,18.325455
2635,18.363708
2636,18.44028
2637,18.516933
2638,18.5553
2639,18.593687
2640,18.70956
2641,18.866768
2642,19.11425
2643,19.2798
2644,19.773808
2645,19.630905
2646,20.21922
2647,20.864176
2648,21.158249
2649,21.255968
2650,21.885195
2651,22.747978
2652,23.246693
2653,23.672058
2654,24.906155
2655,25.92229
2656,26.259644
2657,27.713688
2658,28.823574
2659,28.823574
2660,28.04744
2661,29.155233
2662,30.002102
2663,31.155413
2664,31.87319
2665,32.016464
2666,31.442802
2667,32.445732
2668,34.55063
2669,33.301723
2670,34.688408
2671,34.685356
2672,34.627434
2673,34.627434
2674,34.607803
2675,34.64686
2676,34.435917
2677,34.666237
2678,34.64686
2679,34.69043
2680,34.205856
2681,34.39285
2682,34.607803
2683,34.62738
2684,34.439365
2685,34.439365
2686,34.485794
2687,33.778233
2688,34.252735
2689,34.485794
2690,34.39285
2691,34.252735
2692,34.685356
2693,34.690327
2694,34.435917
2695,33.586304
2696,33.301723
2697,32.58864
2698,32.58864
2699,32.731438
2700,32.445732
2701,31.729816
2702,30.867645
2703,29.596764
2704,28.49139
2705,27.379261
2706,26.708393
2707,26.14727
2708,25.245546
2709,24.280172
2710,23.672058
2711,23.104548
2712,22.2459
2713,22.317835
2714,21.812847
2715,21.740849
2716,21.885195
2717,21.363316
2718,21.363316
2719,21.207144
2720,20.962334
2721,20.864176
2722,20.716412
2723,20.369133
2724,20.319235
2725,20.269262
2726,20.118916
2727,20.068653
2728,19.967903
2729,19.91742
2730,19.773808
2731,19.678581
2732,19.726177
2733,19.726177
2734,19.405792
2735,19.405792
2736,19.447895
2737,19.238403
2738,19.363693
2739,19.238403
2740,19.2798
2741,19.238403
2742,19.197014
2743,19.072876
2744,18.948784
2745,18.748798
2746,18.593687
2747,18.516933
2748,18.516933
2749,18.5553
2750,18.5553
2751,18.5553
2752,18.5553
2753,18.516933
2754,18.516933
2755,18.632084
2756,18.593687
2757,18.632084
2758,18.593687
2759,18.44028
2760,18.44028
2761,18.44028
2762,18.44028
2763,18.363708
2764,18.363708
2765,18.248775
2766,18.248775
2767,18.287224
2768,18.248775
2769,18.287224
2770,18.248775
2771,18.325455
2772,18.44028
2773,18.478596
2774,18.632084
2775,18.5553
2776,18.632084
2777,18.788042
2778,18.948784
2779,19.238403
2780,19.447895
2781,19.49065
2782,19.773808
2783,20.269264
2784,20.518394
2785,21.207142
2786,21.885195
2787,22.81943
2788,22.676462
2789,23.104548
2790,23.459408
2791,24.368433
2792,24.368433
2793,24.682827
2794,25.471436
2795,25.697014
2796,27.044167
2797,26.484169
2798,26.82039
2799,27.490814
2800,28.04744
2801,29.155233
2802,29.712835
2803,29.712835
2804,29.265715
2805,30.290995
2806,32.016464
2807,31.442802
2808,32.445732
2809,32.731438
2810,33.01677
2811,32.874157
2812,33.01677
2813,33.870502
2814,34.296097
2815,34.666237
2816,34.39285
2817,34.685356
2818,34.64686
2819,34.666237
2820,34.607803
2821,34.64686
2822,34.69043
2823,34.69007
2824,34.69043
2825,34.666237
2826,34.64686
2827,34.64686
2828,34.607803
2829,34.57822
2830,34.439365
2831,34.69007
2832,34.154327
2833,34.69043
2834,34.690327
2835,34.627434
2836,33.728447
2837,33.159294
2838,31.155413
2839,30.146597
2840,29.265715
2841,29.486496
2842,29.712835
2843,30.002102
2844,29.857513
2845,27.60229
2846,27.044167
2847,26.484169
2848,25.471436
2849,24.106781
2850,23.93311
2851,23.317667
2852,22.962122
2853,22.81943
2854,22.533218
2855,22.317835
2856,21.957478
2857,21.812847
2858,21.668823
2859,21.529913
2860,21.255968
2861,21.011309
2862,20.765736
2863,20.468716
2864,20.118916
2865,19.821507
2866,19.91742
2867,19.91742
2868,19.678581
2869,19.86913
2870,19.821507
2871,19.630905
2872,19.630905
2873,19.53593
2874,19.49065
2875,19.2798
2876,19.32159
2877,19.155628
2878,19.031507
2879,18.907427
2880,18.748798
2881,18.5553
2882,18.516933
2883,18.5553
2884,18.516933
2885,18.363708
2886,18.209976
2887,18.13237
2888,18.13237
2889,18.171185
2890,18.093561
2891,18.13237
2892,17.938465
2893,17.861008
2894,17.551151
2895,17.357367
2896,17.085733
2897,16.930285
2898,16.969166
2899,16.735556
2900,16.852495
2901,16.735556
2902,16.735556
2903,16.657436
2904,16.696507
2905,16.618347
2906,16.735556
2907,16.696507
2908,16.57924
2909,16.540117
2910,16.57924
2911,16.57924
2912,16.618347
2913,16.57924
2914,16.540117
2915,16.618347
2916,16.657436
2917,16.57924
2918,16.657436
2919,16.735556
2920,16.813583
2921,16.891394
2922,16.969166
2923,17.008032
2924,17.046886
2925,17.085733
2926,17.202204
2927,17.241007
2928,17.396137
2929,17.551151
2930,17.58989
2931,17.667358
2932,17.822273
2933,18.054745
2934,18.209976
2935,18.632084
2936,18.70956
2937,19.11425
2938,19.447895
2939,19.49065
2940,19.583157
2941,19.967903
2942,19.91742
2943,20.068651
2944,20.41896
2945,20.269262
2946,20.269262
2947,20.864176
2948,21.207142
2949,21.060251
2950,21.363316
2951,21.596725
2952,21.529913
2953,22.1739
2954,23.033371
2955,23.033371
2956,22.461493
2957,23.317667
2958,22.604874
2959,22.604874
2960,22.747978
2961,22.533218
2962,22.604874
2963,23.033371
2964,22.81943
2965,22.81943
2966,22.890808
2967,22.962122
2968,23.175655
2969,23.246693
2970,23.246693
2971,23.033371
2972,22.747978
2973,22.81943
2974,22.81943
2975,23.246693
2976,23.033371
2977,22.890808
2978,22.81943
2979,22.890808
2980,23.033371
2981,22.890808
2982,22.890808
2983,22.962122
2984,22.890808
2985,22.676462
2986,22.81943
2987,23.317667
2988,22.461493
2989,22.317835
2990,22.389696
2991,22.389696
2992,22.2459
2993,21.885195
2994,21.668823
2995,21.668823
2996,21.47324
2997,21.109285
2998,20.21922
2999,19.86913
3000,19.53593
3001,19.405792
3002,19.447895
3003,19.363693
3004,19.49065
3005,19.363693
3006,19.197014
3007,18.948784
3008,18.70956
3009,18.401983
3010,18.325455
3011,18.209976
3012,18.093561
3013,17.822273
3014,17.822273
3015,17.744818
3016,17.744818
3017,17.822273
3018,17.706085
3019,17.628626
3020,17.512405
3021,17.551151
3022,17.628626
3023,17.783545
3024,17.822273
3025,17.706085
3026,17.744818
3027,17.706085
3028,17.706085
3029,17.938465
3030,18.054745
3031,17.899738
3032,17.899738
3033,17.861008
3034,17.744818
3035,17.58989
3036,17.512405
3037,17.473654
3038,17.667358
3039,17.589893
3040,17.396137
3041,17.279802
3042,17.085733
3043,17.046886
3044,17.008032
3045,17.046886
3046,17.163391
3047,17.279802
3048,17.202204
3049,17.241007
3050,17.202204
3051,17.124569
3052,17.124569
3053,17.046886
3054,17.046886
3055,17.046886
3056,16.930285
3057,16.930285
3058,17.085733
3059,17.124569
3060,17.241007
3061,17.434898
3062,17.512405
3063,17.706085
3064,17.822273
3065,17.783545
3066,17.938465
3067,18.209976
3068,18.287224
3069,18.5553
3070,19.155628
3071,19.405792
3072,19.773808
3073,19.726177
3074,20.018314
3075,20.169106
3076,20.018314
3077,20.468716
3078,20.913292
3079,21.158249
3080,21.596725
3081,21.885195
3082,22.389696
3083,22.81943
3084,22.747978
3085,23.317667
3086,24.368433
3087,23.93311
3088,25.584259
3089,24.682827
3090,24.906157
3091,24.280172
3092,25.584259
3093,25.697014
3094,26.93232
3095,25.922293
3096,27.26764
3097,28.93415
3098,27.713688
3099,28.04744
3100,28.823574
3101,29.265715
3102,29.486496
3103,28.712921
3104,29.376146
3105,29.155233
3106,29.376146
3107,29.265715
3108,29.486496
3109,30.723627
3110,30.146597
3111,27.60229
3112,28.823574
3113,28.04744
3114,27.379261
3115,29.486496
3116,31.299149
3117,30.146597
3118,30.867645
3119,32.874157
3120,31.87319
3121,32.302742
3122,32.159653
3123,31.011574
3124,31.586353
3125,31.729816
3126,31.155413
3127,30.723627
3128,30.002102
3129,28.712921
3130,28.712921
3131,27.713688
3132,27.60229
3133,26.596323
3134,26.259644
3135,25.584259
3136,25.01936
3137,24.577356
3138,24.106781
3139,23.459408
3140,22.962122
3141,22.461493
3142,21.363316
3143,20.864176
3144,20.468716
3145,20.118916
3146,19.821507
3147,19.583157
3148,19.678581
3149,19.53593
3150,19.238403
3151,18.948784
3152,19.11425
3153,18.866768
3154,18.748798
3155,18.401983
3156,18.401983
3157,18.401983
3158,18.248775
3159,18.287224
3160,18.325455
3161,18.287224
3162,18.171185
3163,18.171185
3164,17.97722
3165,17.783545
3166,17.667358
3167,17.589893
3168,17.551151
3169,17.551151
3170,17.396137
3171,17.473654
3172,17.318588
3173,17.163391
3174,17.124569
3175,16.969166
3176,16.930285
3177,16.852495
3178,16.735556
3179,16.57924
3180,16.57924
3181,16.500977
3182,16.618347
3183,16.383461
3184,16.26577
3185,16.383461
3186,16.187037
3187,16.108082
3188,16.029037
3189,16.068571
3190,16.029037
3191,15.910287
3192,15.830994
3193,15.632283
3194,15.791308
3195,15.791308
3196,15.791308
3197,15.791308
3198,15.711851
3199,15.672081
3200,15.632283
3201,15.592454
3202,15.592454
3203,15.751594
3204,15.870654
3205,16.068571
3206,16.187037
3207,16.383461
3208,16.657436
3209,16.969166
3210,17.163391
3211,17.396137
3212,17.551151
3213,17.783545
3214,17.97722
3215,18.325455
3216,18.593687
3217,18.8273
3218,18.788042
3219,19.072876
3220,19.678581
3221,20.319235
3222,20.617546
3223,21.308254
3224,21.418314
3225,21.957478
3226,22.747978
3227,22.890808
3228,23.84616
3229,24.193516
3230,24.682825
3231,24.906155
3232,25.922293
3233,26.14727
3234,27.936258
3235,27.936258
3236,26.93232
3237,28.823574
3238,29.486496
3239,30.57951
3240,29.857513
3241,29.486496
3242,28.602192
3243,29.376146
3244,31.586353
3245,31.299149
3246,30.867645
3247,29.486496
3248,32.159653
3249,34.69007
3250,32.731438
3251,33.159294
3252,32.731438
3253,33.159294
3254,33.301723
3255,34.435917
3256,34.688408
3257,34.607803
3258,34.607803
3259,34.296104
3260,34.154327
3261,34.55063
3262,34.53211
3263,34.158882
3264,34.55063
3265,34.666237
3266,34.57822
3267,34.53211
3268,34.158875
3269,34.62738
3270,34.485794
3271,34.205856
3272,34.57822
3273,34.685356
3274,34.666237
3275,34.55063
3276,34.688408
3277,34.69007
3278,34.012466
3279,33.728447
3280,32.731438
3281,31.87319
3282,30.723627
3283,28.93415
3284,27.936258
3285,26.596323
3286,24.682827
3287,23.93311
3288,23.175655
3289,22.962122
3290,23.104548
3291,23.033371
3292,22.533218
3293,21.47324
3294,21.47324
3295,20.913292
3296,21.011309
3297,20.667015
3298,20.568008
3299,20.169106
3300,20.41896
3301,20.319235
3302,20.269262
3303,19.86913
3304,19.49065
3305,19.2798
3306,19.197014
3307,19.11425
3308,19.031506
3309,18.670452
3310,18.748798
3311,18.70956
3312,18.593687
3313,18.44028
3314,18.478596
3315,18.325455
3316,18.171185
3317,18.093561
3318,18.093561
3319,17.899738
3320,17.899738
3321,17.744818
3322,17.551151
3323,17.551151
3324,17.551151
3325,17.434898
3326,17.31859
3327,17.279802
3328,17.163391
3329,17.279802
3330,17.124569
3331,17.085733
3332,16.930285
3333,16.852495
3334,16.813583
3335,16.813583
3336,16.77459
3337,16.852495
3338,16.657436
3339,16.540117
3340,16.461819
3341,16.500977
3342,16.500977
3343,16.461819
3344,16.422653
3345,16.500977
3346,16.461819
3347,16.657436
3348,16.696507
3349,16.891394
3350,16.930285
3351,17.046886
3352,17.279802
3353,17.434898
3354,17.667358
3355,17.861008
3356,18.054745
3357,18.325455
3358,18.670452
3359,18.827297
3360,19.155628
3361,19.49065
3362,20.21922
3363,20.864176
3364,21.668823
3365,22.1739
3366,22.81943
3367,23.388573
3368,24.577356
3369,25.922293
3370,25.80969
3371,27.155945
3372,27.490814
3373,28.602192
3374,29.265715
3375,30.723627
3376,31.729816
3377,33.586304
3378,33.728447
3379,34.154327
3380,34.57822
3381,34.34624
3382,34.29953
3383,34.017097
3384,33.68149
3385,33.53533
3386,33.437157
3387,33.23993
3388,32.893906
3389,32.646446
3390,32.597008
3391,32.51745
3392,32.517445
3393,32.392635
3394,32.412735
3395,32.412735
3396,32.365826
3397,32.345715
3398,32.399338
3399,32.35242
3400,32.365826
3401,32.385937
3402,32.325596
3403,32.31889
3404,32.345715
3405,32.35242
3406,32.31889
3407,32.392635
3408,32.412735
3409,32.392635
3410,32.392635
3411,32.392635
3412,32.426125
3413,32.419434
3414,32.452934
3415,32.745438
3416,33.042282
3417,33.190536
3418,33.437157
3419,33.633
3420,33.68149
3421,33.68149
3422,33.921974
3423,34.06452
3424,34.53211
3425,34.69043
3426,33.728447
3427,32.159653
3428,31.299149
3429,30.4353
3430,29.596764
3431,28.602192
3432,27.825012
3433,27.60229
3434,27.26764
3435,26.596323
3436,26.596323
3437,25.922293
3438,25.01936
3439,24.906157
3440,24.682827
3441,24.106781
3442,24.106781
3443,23.84616
3444,23.388573
3445,23.317667
3446,23.246693
3447,23.246693
3448,23.033371
3449,22.676462
3450,22.676462
3451,22.533218
3452,22.317835
3453,22.317835
3454,22.317833
3455,22.029688
3456,21.596725
3457,21.47324
3458,21.418314
3459,21.308254
3460,21.060251
3461,20.814993
3462,20.765736
3463,20.716412
3464,20.568008
3465,20.568008
3466,20.518394
3467,20.21922
3468,19.967903
3469,19.967903
3470,19.726177
3471,19.49065
3472,19.678581
3473,19.447895
3474,19.447895
3475,19.405792
3476,19.2798
3477,19.238403
3478,19.238403
3479,19.072876
3480,18.948784
3481,18.907429
3482,18.8273
3483,18.788042
3484,18.788042
3485,18.788042
3486,18.748798
3487,18.748798
3488,18.70956
3489,18.670452
3490,18.670452
3491,18.788042
3492,18.8273
3493,18.907429
3494,18.907429
3495,18.948784
3496,19.11425
3497,19.238403
3498,19.53593
3499,19.630905
3500,19.678581
3501,19.678581
3502,19.773808
3503,19.86913
3504,20.068653
3505,20.319235
3506,20.518394
3507,20.617546
3508,20.765736
3509,21.011309
3510,21.060251
3511,21.207142
3512,21.596725
3513,21.812847
3514,22.1739
3515,22.533218
3516,22.962122
3517,23.317667
3518,24.019981
3519,24.906155
3520,25.922293
3521,27.490814
3522,27.379261
3523,27.713688
3524,27.044167
3525,28.158537
3526,28.380516
3527,28.380516
3528,28.269564
3529,28.712921
3530,29.486496
3531,29.486496
3532,29.596764
3533,29.265715
3534,30.146597
3535,30.723627
3536,30.002102
3537,30.867645
3538,31.586353
3539,30.290995
3540,29.857513
3541,30.002102
3542,30.146597
3543,29.712835
3544,29.486496
3545,29.044716
3546,29.376146
3547,29.044716
3548,28.93415
3549,28.380516
3550,28.269564
3551,28.04744
3552,27.713688
3553,27.60229
3554,27.713688
3555,27.713688
3556,27.379261
3557,27.379261
3558,27.26764
3559,27.044167
3560,26.93232
3561,26.596323
3562,26.596323
3563,26.14727
3564,26.03482
3565,25.922293
3566,26.03482
3567,26.03482
3568,25.697014
3569,25.358528
3570,25.01936
3571,24.368433
3572,23.84616
3573,23.317667
3574,22.890808
3575,21.957478
3576,21.418314
3577,21.060251
3578,20.962334
3579,20.913292
3580,20.568008
3581,20.518394
3582,20.369135
3583,20.118912
3584,19.967903
3585,19.726177
3586,19.821507
3587,19.726177
3588,19.49065
3589,19.11425
3590,19.072876
3591,19.11425
3592,19.072876
3593,18.866768
3594,18.788042
3595,18.8273
3596,18.70956
3597,18.70956
3598,18.593687
3599,18.287224
3600,18.401983
3601,18.287224
3602,18.248775
3603,18.015978
3604,18.093561
3605,18.093561
3606,18.13237
3607,18.093561
3608,18.054745
3609,18.054745
3610,17.938465
3611,17.861008
3612,17.899738
3613,17.783545
3614,17.667358
3615,17.628626
3616,17.58989
3617,17.473654
3618,17.357367
3619,17.473654
3620,17.473654
3621,17.473654
3622,17.396137
3623,17.318588
3624,17.163391
3625,17.085733
3626,17.046886
3627,16.852495
3628,16.696507
3629,16.618347
3630,16.696507
3631,16.657436
3632,16.657436
3633,16.657436
3634,16.77459
3635,16.852495
3636,16.930285
3637,16.969166
3638,17.202204
3639,17.318588
3640,17.396137
3641,17.551151
3642,17.899738
3643,17.938465
3644,18.632084
3645,18.907429
3646,19.321589
3647,20.21922
3648,20.913292
3649,21.060251
3650,21.308254
3651,22.1739
3652,22.604874
3653,23.388573
3654,23.84616
3655,24.792866
3656,25.132488
3657,25.358528
3658,26.596323
3659,28.712921
3660,27.825012
3661,28.158537
3662,27.825012
3663,29.155233
3664,29.596764
3665,28.49139
3666,27.825012
3667,28.380516
3668,31.586353
3669,31.011574
3670,31.729816
3671,32.731438
3672,30.57951
3673,30.723627
3674,32.016464
3675,29.857513
3676,30.57951
3677,31.87319
3678,32.731438
3679,34.154327
3680,33.728447
3681,34.688408
3682,34.627434
3683,34.666237
3684,34.39285
3685,34.69007
3686,34.57822
3687,34.29953
3688,34.685356
3689,34.69043
3690,34.435917
3691,34.53211
3692,34.252735
3693,34.39285
3694,34.06452
3695,34.39285
3696,34.607803
3697,34.69007
3698,34.435917
3699,33.444057
3700,33.159294
3701,32.874157
3702,31.87319
3703,32.159653
3704,30.867645
3705,30.146597
3706,29.596764
3707,29.857513
3708,29.155233
3709,28.04744
3710,28.04744
3711,27.26764
3712,27.044167
3713,26.596323
3714,25.697014
3715,24.906157
3716,24.193516
3717,23.672058
3718,23.317667
3719,23.104548
3720,22.747978
3721,22.533218
3722,22.1739
3723,22.389696
3724,22.2459
3725,22.02969
3726,21.957478
3727,21.812847
3728,21.47324
3729,21.363316
3730,20.814993
3731,20.269262
3732,20.21922
3733,19.967903
3734,19.86913
3735,19.630905
3736,19.583157
3737,19.630905
3738,19.405792
3739,19.197014
3740,18.788042
3741,18.907429
3742,18.670452
3743,18.748798
3744,18.516933
3745,18.325455
3746,18.248775
3747,18.209976
3748,18.209976
3749,18.171185
3750,17.97722
3751,18.015978
3752,17.899738
3753,17.899738
3754,17.822273
3755,17.706085
3756,17.628626
3757,17.628626
3758,17.357367
3759,17.396137
3760,17.318588
3761,17.357367
3762,17.163391
3763,16.969166
3764,16.930285
3765,16.930285
3766,16.891394
3767,16.813583
3768,16.618347
3769,16.500977
3770,16.26577
3771,16.14757
3772,16.068571
3773,16.068571
3774,15.989478
3775,15.910287
3776,15.910287
3777,15.791308
3778,15.870654
3779,15.989479
3780,16.108082
3781,16.30502
3782,16.500977
3783,16.77459
3784,17.046886
3785,17.279802
3786,17.58989
3787,17.938465
3788,18.13237
3789,18.325455
3790,18.5553
3791,19.2798
3792,19.726177
3793,20.319235
3794,20.864176
3795,21.060251
3796,21.529913
3797,22.2459
3798,22.461493
3799,21.957478
3800,22.962122
3801,23.317667
3802,24.792866
3803,24.471817
3804,25.01936
3805,25.471436
3806,26.596325
3807,27.155945
3808,26.596323
3809,29.265715
3810,29.712835
3811,28.602192
3812,29.265715
3813,32.159653
3814,31.586353
3815,31.299149
3816,34.012466
3817,33.301723
3818,33.444057
3819,33.159294
3820,34.435917
3821,34.64686
3822,33.728447
3823,33.159294
3824,34.64686
3825,34.439365
3826,34.296104
3827,34.252735
3828,34.69043
3829,34.29953
3830,34.29953
3831,34.154327
3832,34.252735
3833,34.627434
3834,34.439365
3835,34.62738
3836,34.607803
3837,34.64686
3838,34.550625
3839,34.685356
3840,34.62738
3841,34.607803
3842,34.252735
3843,34.29953
3844,34.205856
3845,34.39285
3846,34.39285
3847,34.34624
3848,34.205856
3849,34.69043
3850,34.688408
3851,34.012466
3852,34.55063
3853,33.444057
3854,32.016464
3855,31.011574
3856,30.002102
3857,29.155233
3858,28.602192
3859,28.158537
3860,27.713688
3861,27.044167
3862,25.80969
3863,24.906157
3864,25.132488
3865,24.019981
3866,24.368433
3867,23.759148
3868,23.175655
3869,22.962122
3870,22.747978
3871,22.10183
3872,21.812847
3873,21.668823
3874,21.740849
3875,21.418314
3876,21.255968
3877,21.158249
3878,21.109285
3879,20.864176
3880,20.667015
3881,20.913292
3882,20.913292
3883,20.864176
3884,20.864176
3885,20.716412
3886,20.667015
3887,20.864176
3888,20.864176
3889,20.518394
3890,20.118916
3891,19.91742
3892,19.86913
3893,20.068653
3894,19.773808
3895,19.53593
3896,19.197014
3897,19.197014
3898,19.031506
3899,18.948784
3900,18.990143
3901,18.907429
3902,18.827297
3903,18.827297
3904,18.788042
3905,18.788042
3906,18.70956
3907,18.632084
3908,18.593687
3909,18.516933
3910,18.44028
3911,18.516933
3912,18.44028
3913,18.401983
3914,18.401983
3915,18.287224
3916,18.287224
3917,18.401983
3918,18.325455
3919,18.287224
3920,18.054745
3921,18.093561
3922,18.325455
3923,18.44028
3924,18.478596
3925,18.632084
3926,18.70956
3927,18.8273
3928,18.948784
3929,19.53593
3930,20.169106
3931,20.319235
3932,20.667015
3933,20.716412
3934,20.765736
3935,21.308254
3936,22.02969
3937,22.02969
3938,23.033371
3939,22.1739
3940,23.104548
3941,24.019981
3942,24.471817
3943,24.792866
3944,25.358528
3945,26.708393
3946,27.379261
3947,28.158537
3948,27.155945
3949,28.380516
3950,27.713688
3951,28.93415
3952,28.269564
3953,30.290995
3954,29.376146
3955,30.290995
3956,30.146597
3957,31.155413
3958,32.874157
3959,32.731438
3960,32.874157
3961,31.729816
3962,33.870502
3963,34.296104
3964,34.154327
3965,34.435917
3966,34.550625
3967,34.578217
3968,34.57822
3969,34.62738
3970,34.439365
3971,34.666237
3972,34.64686
3973,34.53211
3974,34.34624
3975,34.485794
3976,34.69007
3977,34.53211
3978,34.685356
3979,34.205856
3980,34.57822
3981,34.252735
3982,34.690327
3983,34.53211
3984,34.205856
3985,34.439365
3986,34.34624
3987,34.607803
3988,34.34624
3989,34.57822
3990,34.690327
3991,34.607803
3992,34.57822
3993,34.666237
3994,34.012466
3995,33.728447
3996,34.154327
3997,34.012466
3998,33.15929
3999,32.445732
4000,31.299149
4001,30.57951
4002,29.857513
4003,28.823574
4004,28.158537
4005,27.379261
4006,26.596323
4007,26.03482
4008,25.697014
4009,24.280172
4010,23.93311
4011,24.106781
4012,22.890808
4013,23.530178
4014,23.600878
4015,22.676462
4016,22.317835
4017,21.885195
4018,21.957478
4019,21.47324
4020,21.060251
4021,21.011309
4022,20.864176
4023,20.864176
4024,20.568008
4025,20.21922
4026,20.319235
4027,19.726177
4028,19.726177
4029,19.583157
4030,19.321589
4031,19.031507
4032,18.866768
4033,18.8273
4034,18.632084
4035,18.70956
4036,18.516933
4037,18.478596
4038,18.363708
4039,18.401983
4040,18.401983
4041,18.209976
4042,18.287224
4043,18.171185
4044,18.015978
4045,17.97722
4046,18.054745
4047,17.97722
4048,17.899738
4049,17.861008
4050,17.744818
4051,17.58989
4052,17.58989
4053,17.551151
4054,17.473654
4055,17.473654
4056,17.58989
4057,17.628626
4058,17.667358
4059,17.58989
4060,17.512405
4061,17.318588
4062,17.279802
4063,17.241009
4064,17.202204
4065,17.279802
4066,17.434898
4067,17.58989
4068,17.706085
4069,17.861008
4070,18.13237
4071,18.248775
4072,18.401983
4073,18.593687
4074,18.670452
4075,18.748798
4076,18.8273
4077,18.948784
4078,19.155628
4079,19.363693
4080,19.86913
4081,20.369133
4082,20.468716
4083,20.667015
4084,21.011309
4085,21.207142
4086,21.885195
4087,22.533218
4088,22.604874
4089,22.890808
4090,23.388573
4091,23.759148
4092,24.906157
4093,26.596323
4094,27.26764
4095,27.490814
4096,29.044716
4097,29.155233
4098,29.376146
4099,29.596764
4100,31.155413
4101,31.87319
4102,32.016464
4103,33.586304
4104,32.445732
4105,33.728447
4106,32.016464
4107,32.58864
4108,31.729816
4109,31.011574
4110,32.159653
4111,32.731438
4112,33.444057
4113,32.016464
4114,30.4353
4115,31.87319
4116,33.01677
4117,31.729816
4118,30.4353
4119,30.002102
4120,29.596764
4121,29.857513
4122,29.376146
4123,29.044716
4124,28.49139
4125,28.269564
4126,28.158537
4127,27.602287
4128,27.60229
4129,27.26764
4130,27.26764
4131,27.155945
4132,27.825012
4133,27.936258
4134,27.490814
4135,27.044167
4136,26.82039
4137,26.371948
4138,26.03482
4139,26.03482
4140,26.03482
4141,26.03482
4142,26.14727
4143,26.03482
4144,26.259644
4145,25.80969
4146,25.358528
4147,25.01936
4148,24.471817
4149,23.93311
4150,23.759148
4151,23.104548
4152,22.461493
4153,21.957478
4154,21.418314
4155,21.207142
4156,21.207142
4157,21.363316
4158,21.308254
4159,21.255968
4160,21.109285
4161,20.864176
4162,20.765736
4163,20.716412
4164,20.617546
4165,20.617546
4166,20.369133
4167,20.269262
4168,20.018314
4169,19.91742
4170,19.967903
4171,19.967903
4172,20.068653
4173,20.169106
4174,20.118916
4175,20.169106
4176,20.319235
4177,20.269262
4178,20.169106
4179,19.91742
4180,19.86913
4181,19.821507
4182,19.678581
4183,19.726177
4184,19.678581
4185,19.726177
4186,19.630905
4187,19.49065
4188,19.363693
4189,19.405792
4190,19.405792
4191,19.405792
4192,19.447895
4193,19.447895
4194,19.405792
4195,19.32159
4196,19.363693
4197,19.32159
4198,19.32159
4199,19.363693
4200,19.363693
4201,19.447895
4202,19.405792
4203,19.447895
4204,19.53593
4205,19.583157
4206,19.53593
4207,19.49065
4208,19.583157
4209,19.678581
4210,19.726177
4211,19.821507
4212,19.91742
4213,20.018314
4214,20.118916
4215,20.118916
4216,20.319235
4217,20.41896
4218,20.568008
4219,20.716412
4220,20.962334
4221,21.308254
4222,21.418316
4223,21.529915
4224,21.47324
4225,21.418314
4226,21.418314
4227,21.596725
4228,21.885195
4229,22.317835
4230,22.461493
4231,22.533218
4232,22.747978
4233,22.962122
4234,22.676462
4235,22.604874
4236,22.962122
4237,23.175655
4238,23.600878
4239,23.600878
4240,23.93311
4241,24.471817
4242,25.01936
4243,25.584259
4244,25.584259
4245,25.922293
4246,27.155945
4247,28.380516
4248,27.825012
4249,28.04744
4250,28.602192
4251,28.823574
4252,28.712921
4253,28.823574
4254,29.596766
4255,28.934153
4256,29.486496
4257,29.857513
4258,32.445732
4259,33.159294
4260,32.159653
4261,33.01677
4262,33.728447
4263,34.435917
4264,34.627434
4265,34.012466
4266,32.159653
4267,33.301723
4268,34.296104
4269,34.627434
4270,34.627434
4271,34.69043
4272,34.55063
4273,34.607803
4274,34.607803
4275,34.485794
4276,34.485794
4277,34.439365
4278,34.53211
4279,34.685356
4280,34.435917
4281,34.435917
4282,34.154327
4283,34.012466
4284,33.728447
4285,32.58864
4286,32.159653
4287,31.873192
4288,31.442802
4289,30.867645
4290,30.002102
4291,29.486496
4292,28.602192
4293,26.82039
4294,26.03482
4295,25.132488
4296,24.368433
4297,23.388573
4298,23.246693
4299,22.81943
4300,22.747978
4301,22.02969
4302,21.812847
4303,21.885195
4304,21.47324
4305,21.363316
4306,21.255968
4307,21.060251
4308,20.814993
4309,20.617546
4310,20.518394
4311,20.319235
4312,20.568008
4313,20.568008
4314,20.864176
4315,20.814993
4316,20.269262
4317,20.468716
4318,20.319237
4319,20.018314
4320,20.068653
